metric,value
model_name,gradient_boosting
accuracy,0.8469808278086365
precision,0.8566784869976359
recall,0.8870869033047736
f1_score,0.8716175586289837
roc_auc,0.9194842122196876
